{
  "visibleObjects": {
    "Walls": "Hidden",
    "Debris": false,
    "UI": false,
    "Avatar": "Hidden",
    "Floor": false,
    "CutParticles": false,
    "Notes": "Hidden",
    "EverythingElse": false,
    "Sabers": true
  },
  "type": "Positionable",
  "worldCamVisibility": "Hidden",
  "previewScreenSize": 0.3,
  "worldCamUnderScreen": true,
  "FOV": 75.0,
  "layer": 2,
  "antiAliasing": 1,
  "renderScale": 1.0,
  "orthographic": false,
  "farZ": 10.0,
  "nearZ": 0.1,
  "viewRect": {
    "x": 0.0,
    "y": 0.0,
    "width": 0.1454,
    "height": 0.2207,
    "locked": false
  },
  "Multiplayer": {
    "followSpectatorPlattform": true
  },
  "ModmapExtensions": {
    "moveWithMap": true,
    "autoOpaqueWalls": false,
    "autoHideHUD": false
  },
  "Follow360": {
    "enabled": true,
    "smoothing": 10.0
  },
  "VMCProtocol": {
    "mode": "Disabled",
    "destination": "127.0.0.1:39540"
  },
  "FPSLimiter": {
    "fpsLimit": 0
  },
  "PostProcessing": {
    "transparencyThreshold": 46.0000038,
    "shaders": [],
    "forceDepthTexture": false
  },
  "targetPos": {
    "x": 3.0,
    "y": 1.2,
    "z": 0.0
  },
  "targetRot": {
    "x": 0.0,
    "y": -90.0,
    "z": 0.0
  },
  "MovementScript": {
    "scriptList": [],
    "fromOrigin": true,
    "enableInMenu": false
  }
}