{
  "scenes": {
    "Menu": [
      "Main"
    ],
    "MultiplayerMenu": [
      "Main"
    ],
    "Playing": [
      "Back View",
      "Side View",
      "Main"
    ],
    "Playing360": [
      "Main"
    ],
    "PlayingModmap": [
      "Main"
    ],
    "PlayingMulti": [
      "Back View",
      "Side View",
      "Main"
    ],
    "SpectatingMulti": [
      "Main"
    ],
    "Replay": [
      "Back View",
      "Side View",
      "Main"
    ],
    "FPFC": [
      "Main"
    ]
  },
  "customScenes": {},
  "customSceneBindings": {},
  "autoswitchFromCustom": false
}